Name,Allegiances,Death Year,Book of Death,Death Chapter,Book Intro Chapter,Gender,Nobility,GoT,CoK,SoS,FfC,DwD,First Name,Last Name
Addam Marbrand,Lannister,301,0,0,56,1,1,1,1,1,1,0,Addam,Marbrand
Aegon Frey (Jinglebell),None,299,3,51,49,1,1,0,0,1,0,0,Aegon,Frey
Aegon Targaryen,Targaryen,301,0,0,5,1,1,0,0,0,0,1,Aegon,Targaryen
Adrack Humble,Greyjoy,300,5,20,20,1,1,0,0,0,0,1,Adrack,Humble
Aemon Costayne,Lannister,301,0,0,0,1,1,0,0,1,0,0,Aemon,Costayne
Aemon Estermont,Baratheon,301,0,0,0,1,1,0,1,1,0,0,Aemon,Estermont
Aemon Targaryen (son of Maekar I),Night's Watch,300,4,35,21,1,1,1,0,1,1,0,Aemon,Targaryen
Aenys Frey,None,300,5,0,59,0,1,1,1,1,0,1,Aenys,Frey
Aeron Greyjoy,Greyjoy,301,0,0,11,1,1,0,1,0,1,0,Aeron,Greyjoy
Aethan,Night's Watch,301,0,0,0,1,0,0,0,1,0,0,Aethan,Unknown
Aggar,Greyjoy,299,2,56,50,1,0,0,1,0,0,0,Aggar,Unknown
Aggo,Targaryen,301,0,0,54,1,0,1,1,1,0,1,Aggo,Unknown
Alan of Rosby,Night's Watch,300,5,4,18,1,1,0,1,1,0,1,Alan,of
Alayaya,None,301,0,0,15,0,0,0,1,0,0,0,Alayaya,Unknown
Albar Royce,Arryn,301,0,0,38,1,1,1,0,0,1,0,Albar,Royce
Albett,Night's Watch,301,0,0,26,1,0,1,0,0,0,0,Albett,Unknown
Alebelly,Stark,299,2,46,4,1,0,0,1,0,0,0,Alebelly,Unknown
Alerie Hightower,Tyrell,301,0,0,6,0,1,0,0,1,1,0,Alerie,Hightower
Alesander Staedmon,Baratheon,301,0,0,65,1,1,0,1,0,0,0,Alesander,Staedmon
Alester Florent,Baratheon,300,4,0,36,1,1,0,1,1,0,0,Alester,Florent
Alia of Braavos,None,301,0,0,28,0,0,1,0,0,0,0,Alia,of
Alla Tyrell,Tyrell,301,0,0,6,0,1,0,0,1,1,0,Alla,Tyrell
Allard Seaworth,Baratheon,299,2,10,10,1,1,0,1,0,0,0,Allard,Seaworth
Alliser Thorne,Night's Watch,301,0,0,19,1,0,1,1,1,0,1,Alliser,Thorne
Alyn,Stark,298,3,34,12,1,0,1,0,0,0,0,Alyn,Unknown
Alyn Ambrose,Tyrell,301,0,0,59,1,1,0,1,0,1,0,Alyn,Ambrose
Alyn Estermont,Baratheon,301,0,0,0,1,1,0,1,1,0,0,Alyn,Estermont
Alyn Stackspear,Lannister,301,0,0,16,1,1,0,0,0,1,0,Alyn,Stackspear
Alys Karstark,Stark,301,0,0,44,0,1,0,0,0,0,1,Alys,Karstark
Alysane Mormont,Stark,301,0,0,35,0,1,0,0,0,0,1,Alysane,Mormont
Alyx Frey,None,301,0,0,49,1,1,0,0,1,0,0,Alyx,Frey
Ambrode,Greyjoy,301,0,0,24,1,0,0,1,0,0,0,Ambrode,Unknown
Amory Lorch,Lannister,299,2,47,14,1,1,0,1,0,0,0,Amory,Lorch
Andar Royce,Arryn,301,0,0,29,1,1,1,0,0,0,0,Andar,Royce
Andrew Estermont,Baratheon,301,0,0,36,1,1,0,0,1,0,0,Andrew,Estermont
Andrey Dalt,Martell,301,0,0,21,1,1,0,0,0,1,0,Andrey,Dalt
Andrik,Greyjoy,301,0,0,19,1,1,0,0,0,1,0,Andrik,Unknown
Anguy,None,301,0,0,30,1,0,1,0,1,0,0,Anguy,Unknown
Antario Jast,Lannister,301,0,0,32,1,1,0,1,0,0,0,Antario,Jast
Anvil Ryn,None,299,3,34,34,1,0,0,0,1,0,0,Anvil,Ryn
Anya Waynwood,Arryn,301,0,0,38,0,1,1,0,0,1,0,Anya,Waynwood
Archibald Yronwood,Martell,301,0,0,6,1,1,0,0,0,0,1,Archibald,Yronwood
Ardrian Celtigar,Baratheon,301,0,0,10,1,1,0,1,1,0,0,Ardrian,Celtigar
Areo Hotah,Martell,301,0,0,2,1,0,0,0,0,1,1,Areo,Hotah
Arianne Martell,Martell,301,0,0,2,0,1,0,0,0,1,1,Arianne,Martell
Arneld,Lannister,301,0,0,59,1,0,0,1,0,0,0,Arneld,Unknown
Arnolf Karstark,Stark,301,0,0,3,1,1,0,0,0,0,1,Arnolf,Karstark
Aron Santagar,Lannister,299,2,41,18,1,1,1,1,0,0,0,Aron,Santagar
Arron,Night's Watch,301,0,0,75,1,0,0,0,1,0,1,Arron,Unknown
Arron Qorgyle,Martell,301,0,0,38,1,1,0,0,1,0,0,Arron,Qorgyle
Arryk (Guard),Tyrell,301,0,0,6,1,0,0,0,1,1,0,Arryk,Unknown
Arson,Wildling,301,0,0,26,1,0,0,0,1,0,0,Arson,Unknown
Arthor Karstark,Stark,301,0,0,62,1,1,0,0,0,0,1,Arthor,Karstark
Arwyn Frey,None,301,0,0,49,0,1,0,0,1,0,0,Arwyn,Frey
Arwyn Oakheart,Tyrell,301,0,0,22,0,1,0,1,0,0,0,Arwyn,Oakheart
Arya Stark,Stark,301,0,0,2,0,1,1,1,1,1,1,Arya,Stark
Arys Oakheart,Lannister,300,4,21,57,1,1,1,1,0,1,0,Arys,Oakheart
Asha Greyjoy,Greyjoy,301,0,0,11,0,1,0,1,0,1,1,Asha,Greyjoy
Aurane Waters,Lannister,301,0,0,65,1,0,0,1,0,1,0,Aurane,Waters
Axell Florent,Baratheon,301,0,0,0,1,1,0,1,1,0,1,Axell,Florent
Azzak,None,301,0,0,2,1,1,0,0,0,0,1,Azzak,Unknown
Ballabar,Lannister,301,0,0,4,1,0,0,1,0,0,0,Ballabar,Unknown
Balon Swann,Lannister,301,0,0,29,1,1,1,1,1,1,1,Balon,Swann
Bannen,Night's Watch,299,3,33,0,1,0,0,0,1,0,0,Bannen,Unknown
Barbrey Dustin,Stark,301,0,0,26,0,1,0,0,0,0,1,Barbrey,Dustin
Barra,None,299,2,39,35,0,0,1,0,0,0,0,Barra,Unknown
Barristan Selmy,Targaryen,301,0,0,15,1,1,1,1,1,0,1,Barristan,Selmy
Barsena,None,300,5,52,11,0,0,0,0,0,0,1,Barsena,Unknown
Barth (brewer),Stark,301,0,0,50,1,0,0,1,0,0,0,Barth,Unknown
Bass,Night's Watch,301,0,0,52,1,0,1,0,0,0,0,Bass,Unknown
Bayard Norcross,Tyrell,301,0,0,28,1,1,0,0,0,1,0,Bayard,Norcross
Bearded Ben,Night's Watch,301,0,0,0,1,0,0,0,0,1,0,Bearded,Ben
Becca,Arryn,301,0,0,12,0,0,1,0,0,0,0,Becca,Unknown
Becca the Baker,None,299,3,34,34,0,0,0,0,1,0,0,Becca,the
Bedwyck,Night's Watch,301,0,0,13,1,0,0,1,1,0,1,Bedwyck,Unknown
Belaquo,None,301,0,0,52,1,0,0,0,0,0,1,Belaquo,Unknown
Bella,None,301,0,0,29,0,0,0,0,1,0,0,Bella,Unknown
Bellegere Otherys (courtesan),None,301,0,0,34,0,1,0,0,0,1,0,Bellegere,Otherys
Bellonara Otherys,None,301,0,0,34,0,1,0,0,0,1,0,Bellonara,Otherys
Belwas,Targaryen,301,0,0,63,1,0,0,1,1,0,1,Belwas,Unknown
Ben,None,301,0,0,37,1,0,0,0,0,1,0,Ben,Unknown
Ben Bones,None,301,0,0,12,1,0,0,0,0,0,1,Ben,Bones
Ben Plumm,None,301,0,0,57,1,0,0,0,1,0,1,Ben,Plumm
Benedar Belmore,Arryn,301,0,0,23,1,1,0,0,0,1,0,Benedar,Belmore
Benfred Tallhart,Stark,299,2,37,16,1,1,0,1,0,0,0,Benfred,Tallhart
Benfrey Frey,None,299,5,51,51,1,1,0,0,1,0,0,Benfrey,Frey
Benjen Stark,Night's Watch,298,1,24,5,1,1,1,0,0,0,0,Benjen,Stark
Bennet,None,300,4,31,31,1,0,0,0,0,1,0,Bennet,Unknown
Beric Dondarrion,None,300,4,27,42,1,1,1,0,1,0,0,Beric,Dondarrion
Bessa (Winterfell),Stark,301,0,0,37,0,0,1,0,0,0,0,Bessa,Unknown
Beth Cassel,Stark,301,0,0,7,0,1,1,1,0,0,0,Beth,Cassel
Bhakaz zo Loraq,None,301,0,0,2,1,1,0,0,0,0,1,Bhakaz,zo
Big Boil,Wildling,301,0,0,41,1,0,0,0,1,0,0,Big,Boil
Big Walder Frey,None,301,0,0,0,1,1,1,1,0,0,1,Big,Walder
Biter,None,300,4,37,1,1,0,0,1,0,1,0,Biter,Unknown
Black Bernarr,Night's Watch,301,0,0,18,1,0,0,0,1,0,1,Black,Bernarr
Black Walder Frey,None,301,0,0,35,1,1,0,0,1,0,0,Black,Walder
Blane,Night's Watch,301,0,0,23,1,0,0,1,0,0,0,Blane,Unknown
Bloodbeard,None,301,0,0,25,1,0,0,0,0,0,1,Bloodbeard,Unknown
Blue Bard,Tyrell,301,0,0,12,1,0,0,0,0,1,0,Blue,Bard
Bonifer Hasty,Lannister,301,0,0,65,1,1,0,1,0,1,0,Bonifer,Hasty
Borcas,Night's Watch,301,0,0,48,1,0,1,0,0,0,0,Borcas,Unknown
Boremund Harlaw,Greyjoy,301,0,0,11,1,1,0,0,0,1,0,Boremund,Harlaw
Boros Blount,Baratheon,301,0,0,8,1,1,1,1,1,1,1,Boros,Blount
Borroq,Wildling,301,0,0,0,1,0,0,0,0,0,1,Borroq,Unknown
Bowen Marsh,Night's Watch,301,0,0,21,1,0,1,0,1,0,1,Bowen,Marsh
Bran Stark,Stark,301,0,0,1,1,1,1,1,1,0,1,Bran,Stark
Brandon Norrey,Stark,301,0,0,49,1,1,0,0,0,0,1,Brandon,Norrey
Brenett,None,301,0,0,49,1,0,0,0,1,0,0,Brenett,Unknown
Brienne of Tarth,Stark,301,0,0,22,0,1,0,1,1,1,1,Brienne,of
Bronn,Lannister,301,0,0,28,1,1,1,1,1,0,0,Bronn,Unknown
Brown Bernarr,Night's Watch,299,3,33,23,1,0,0,1,1,0,0,Brown,Bernarr
Brusco,None,301,0,0,22,1,0,0,0,0,1,1,Brusco,Unknown
Bryan Fossoway,Baratheon,299,2,62,42,1,1,1,1,0,0,0,Bryan,Fossoway
Bryce Caron,Baratheon,299,2,65,29,1,1,1,1,0,0,0,Bryce,Caron
Bryen,None,301,0,0,68,1,0,0,0,1,0,0,Bryen,Unknown
Bryen Farring,Baratheon,300,5,62,10,1,1,0,1,0,0,1,Bryen,Farring
Brynden Rivers,Targaryen,301,0,0,34,1,1,0,0,0,0,1,Brynden,Rivers
Brynden Tully,Tully,301,0,0,2,1,1,1,1,1,1,0,Brynden,Tully
Burton Crakehall,Lannister,299,2,7,55,1,1,1,1,0,0,0,Burton,Crakehall
Butterbumps,Tyrell,301,0,0,6,1,0,0,0,1,0,0,Butterbumps,Unknown
Byam Flint,Night's Watch,299,3,33,33,1,0,0,0,1,0,0,Byam,Flint
Byan Votyris,None,301,0,0,54,1,0,1,0,0,0,0,Byan,Votyris
Byron,Arryn,301,0,0,41,1,0,0,0,0,1,0,Byron,Unknown
Cadwyn,Lannister,301,0,0,47,1,0,0,1,0,0,0,Cadwyn,Unknown
Caleotte,Martell,301,0,0,2,1,0,0,0,0,1,1,Caleotte,Unknown
Catelyn Tully,Stark,299,3,51,2,0,1,1,1,1,0,0,Catelyn,Tully
Cayn,Stark,298,1,49,4,1,0,1,0,0,0,0,Cayn,Unknown
Cellador,Night's Watch,301,0,0,48,1,0,1,0,1,0,1,Cellador,Unknown
Cersei Frey,None,301,0,0,49,0,1,0,0,1,0,0,Cersei,Frey
Cersei Lannister,Lannister,301,0,0,4,0,1,1,1,1,1,1,Cersei,Lannister
Chataya,None,301,0,0,15,0,0,0,1,0,0,0,Chataya,Unknown
Chayle,Stark,299,2,50,9,1,0,1,1,0,0,0,Chayle,Unknown
Chella,Lannister,301,0,0,56,0,0,1,1,1,0,0,Chella,Unknown
Chett,Night's Watch,299,3,46,41,1,0,1,1,1,0,0,Chett,Unknown
Chiggen,Lannister,298,1,42,31,1,0,1,0,0,0,0,Chiggen,Unknown
Chiswyck,None,299,2,30,26,1,0,0,1,0,0,0,Chiswyck,Unknown
Clayton Suggs,Baratheon,301,0,0,17,1,0,0,0,0,0,1,Clayton,Suggs
Clement Piper,Tully,301,0,0,38,1,1,0,0,0,1,0,Clement,Piper
Cleos Frey,None,299,3,21,7,1,1,0,1,1,0,0,Cleos,Frey
Cley Cerwyn,Stark,299,2,66,16,1,1,0,1,0,0,0,Cley,Cerwyn
Clubfoot Karl,Night's Watch,300,5,4,0,1,0,0,0,1,0,1,Clubfoot,Karl
Clydas,Night's Watch,301,0,0,41,1,0,1,0,1,1,1,Clydas,Unknown
Cohollo,None,298,1,64,11,1,0,1,0,0,0,0,Cohollo,Unknown
Coldhands,None,301,0,0,46,1,0,0,0,1,0,1,Coldhands,Unknown
Colemon,Arryn,301,0,0,34,1,0,1,0,1,1,0,Colemon,Unknown
Colen of Greenpools,Baratheon,301,0,0,22,1,1,0,1,0,0,0,Colen,of
Conn,Lannister,298,1,62,42,1,0,1,0,0,0,0,Conn,Unknown
Conwy,Night's Watch,301,0,0,6,1,0,0,1,0,0,0,Conwy,Unknown
Corliss Penny,Baratheon,301,0,0,26,1,0,0,0,0,0,1,Corliss,Penny
Cortnay Penrose,Baratheon,299,2,42,31,1,1,0,1,0,0,0,Cortnay,Penrose
Cotter Pyke,Night's Watch,301,0,0,48,1,0,0,0,1,0,0,Cotter,Pyke
Cragorn,Greyjoy,300,4,29,19,1,0,0,0,0,1,0,Cragorn,Unknown
Craster,None,299,3,33,23,1,0,0,1,1,0,0,Craster,Unknown
Cregan Karstark,Stark,301,0,0,44,1,1,0,0,0,0,1,Cregan,Karstark
Creighton Longbough,None,301,0,0,4,1,0,0,0,0,1,0,Creighton,Longbough
Cressen,Baratheon,299,1,0,0,1,0,0,1,0,0,0,Cressen,Unknown
Cuger,Night's Watch,301,0,0,0,1,0,1,0,0,0,0,Cuger,Unknown
Cutjack,None,301,0,0,5,1,0,0,1,0,0,0,Cutjack,Unknown
Daario Naharis,Targaryen,301,0,0,42,1,0,0,0,1,0,1,Daario,Naharis
Dacey Mormont,Stark,299,3,51,63,0,1,1,0,1,0,0,Dacey,Mormont
Daemon Sand,Martell,301,0,0,38,1,0,0,0,1,0,1,Daemon,Sand
Daenerys Targaryen,Targaryen,301,0,0,3,0,1,1,1,1,0,1,Daenerys,Targaryen
Dagon Codd,Greyjoy,300,5,20,20,1,1,0,0,0,0,1,Dagon,Codd
Dagmer,Greyjoy,301,0,0,11,1,0,0,1,0,0,0,Dagmer,Unknown
Dalbridge,Night's Watch,299,2,53,43,1,0,0,1,0,0,0,Dalbridge,Unknown
Dale Seaworth,Baratheon,299,2,58,10,1,1,0,1,0,0,0,Dale,Seaworth
Dalla,Wildling,300,3,76,73,0,1,0,0,1,0,0,Dalla,Unknown
Dalla (Dragonstone),Baratheon,301,0,0,0,0,0,0,1,0,0,0,Dalla,Unknown
Damon Dance-for-Me,None,301,0,0,12,1,0,0,0,0,0,1,Damon,Dance-for-Me
Damon Vypren,None,301,0,0,49,1,1,0,0,1,0,0,Damon,Vypren
Dancy,None,301,0,0,29,0,0,0,1,0,0,0,Dancy,Unknown
Danwell Frey,None,301,0,0,59,1,1,1,1,1,1,0,Danwell,Frey
Dareon,Night's Watch,300,4,34,19,1,0,1,0,0,1,0,Dareon,Unknown
Daryn Hornwood,Stark,298,1,63,63,1,1,1,0,0,0,0,Daryn,Hornwood
Daven Lannister,Lannister,301,0,0,12,1,1,0,0,0,1,0,Daven,Lannister
Davos Seaworth,Baratheon,301,0,0,0,1,1,0,1,1,0,1,Davos,Seaworth
Del,Wildling,299,3,41,41,1,0,0,0,1,0,0,Del,Unknown
Delp,Tully,299,3,20,39,1,0,0,1,1,0,0,Delp,Unknown
Denys Drumm,Greyjoy,301,0,0,19,1,1,0,0,0,1,0,Denys,Drumm
Denys Mallister,Night's Watch,301,0,0,48,1,1,0,0,1,0,0,Denys,Mallister
Dermot,Baratheon,301,0,0,65,1,0,0,1,0,1,0,Dermot,Unknown
Desmond,Stark,298,1,50,1,1,0,1,0,0,0,0,Desmond,Unknown
Desmond Grell,Tully,301,0,0,7,1,1,0,1,1,1,0,Desmond,Grell
Devan Seaworth,Baratheon,301,0,0,10,1,1,0,1,1,0,1,Devan,Seaworth
Deziel Dalt,Martell,301,0,0,38,1,1,0,0,1,0,1,Deziel,Dalt
Dhazzar,None,301,0,0,2,1,1,0,0,0,0,1,Dhazzar,Unknown
Dick Crabb,None,300,4,20,9,1,0,0,0,0,1,0,Dick,Crabb
Dick Follard,Night's Watch,299,3,55,41,1,0,0,0,1,0,0,Dick,Follard
Dickon Manwoody,Martell,301,0,0,38,1,1,0,0,1,0,0,Dickon,Manwoody
Dirk,Night's Watch,300,5,4,0,1,0,0,0,1,0,1,Dirk,Unknown
Dobber,None,299,2,14,5,1,0,0,1,0,0,0,Dobber,Unknown
Donal Noye,Night's Watch,300,3,64,19,1,0,1,1,1,0,0,Donal,Noye
Donella Hornwood,Stark,299,2,35,16,0,1,0,1,0,0,0,Donella,Hornwood
Donnel Drumm,Greyjoy,301,0,0,19,1,1,0,0,0,1,0,Donnel,Drumm
Donnel Haigh,None,301,0,0,49,1,1,0,0,1,0,0,Donnel,Haigh
Donnel Hill,Night's Watch,301,0,0,0,1,0,0,0,1,0,1,Donnel,Hill
Donnel Locke,Stark,299,3,51,25,1,1,0,1,1,0,0,Donnel,Locke
Donnel Waynwood,Tully,301,0,0,34,1,1,1,0,0,0,0,Donnel,Waynwood
Donnis,Stark,301,0,0,7,1,0,1,0,0,0,0,Donnis,Unknown
Dontos Hollard,None,300,3,61,57,1,1,1,1,1,0,0,Dontos,Hollard
Donyse,None,301,0,0,72,0,0,0,0,1,0,0,Donyse,Unknown
Doran Martell,Martell,301,0,0,2,1,1,0,0,0,1,1,Doran,Martell
Doreah,Targaryen,299,2,12,11,0,0,1,1,0,0,0,Doreah,Unknown
Dornish Dilly,Night's Watch,299,3,55,55,1,0,0,0,1,0,0,Dornish,Dilly
Draqaz,None,301,0,0,2,1,1,0,0,0,0,1,Draqaz,Unknown
Drennan,Greyjoy,299,2,50,50,1,0,0,1,0,0,0,Drennan,Unknown
Drogo,Targaryen,298,1,64,3,1,1,1,0,0,0,0,Drogo,Unknown
Dudley,Stark,299,3,34,34,1,0,0,0,1,0,0,Dudley,Unknown
Dunsen,None,301,0,0,26,1,0,0,1,0,0,0,Dunsen,Unknown
Dunstan Drumm,Greyjoy,301,0,0,19,1,1,0,0,0,1,0,Dunstan,Drumm
Duram Bar Emmon,Baratheon,301,0,0,0,1,1,0,1,0,0,0,Duram,Bar
Dykk Harlaw,Greyjoy,299,2,66,66,1,0,0,1,0,0,0,Dykk,Harlaw
Dywen,Night's Watch,301,0,0,48,1,0,1,1,1,0,1,Dywen,Unknown
Easy,Night's Watch,300,3,55,55,1,0,0,0,1,0,0,Easy,Unknown
Ebben,Night's Watch,299,2,68,43,1,0,0,1,0,0,0,Ebben,Unknown
Eddard Karstark,Stark,298,1,63,53,1,1,1,0,0,0,0,Eddard,Karstark
Eddard Stark,Stark,299,1,65,1,1,1,1,0,0,0,0,Eddard,Stark
Eddison Tollett,Night's Watch,301,0,0,13,1,0,0,1,1,1,1,Eddison,Tollett
Edmure Tully,Tully,301,0,0,28,1,1,1,1,1,1,0,Edmure,Tully
Edric Dayne,None,301,0,0,34,1,1,0,0,1,0,0,Edric,Dayne
Edric Storm,Baratheon,301,0,0,10,1,0,0,0,1,0,0,Edric,Storm
Edwyn Frey,None,301,0,0,38,1,1,0,0,1,1,0,Edwyn,Frey
Eggon,None,301,0,0,30,1,0,0,1,0,0,0,Eggon,Unknown
Elder Brother,None,301,0,0,31,1,0,0,0,0,1,0,Elder,Brother
Eldred Codd,Greyjoy,301,0,0,18,1,1,0,0,0,1,0,Eldred,Codd
Eleyna Westerling,Stark,301,0,0,45,0,1,0,0,1,1,0,Eleyna,Westerling
Elinor Tyrell,Tyrell,301,0,0,6,0,1,0,0,1,1,0,Elinor,Tyrell
Ellaria Sand,Martell,301,0,0,38,0,1,0,0,1,0,1,Ellaria,Sand
Elmar Frey,None,301,0,0,59,1,1,1,1,1,0,0,Elmar,Frey
Elyas Willum,Baratheon,301,0,0,22,1,1,0,1,0,0,0,Elyas,Willum
Emmon Cuy,Baratheon,299,2,42,33,1,1,0,1,0,0,0,Emmon,Cuy
Emmon Frey,Lannister,301,0,0,29,1,1,1,0,0,1,0,Emmon,Frey
Emmond,Greyjoy,301,0,0,1,1,0,0,0,0,1,0,Emmond,Unknown
Emrick,Night's Watch,301,0,0,75,1,0,0,0,1,0,1,Emrick,Unknown
Endehar,Greyjoy,301,0,0,56,1,0,0,1,0,0,0,Endehar,Unknown
Elwood,Tully,299,3,20,20,1,0,0,0,1,0,0,Elwood,Unknown
Endrew Tarth,Night's Watch,299,3,69,60,1,0,1,0,1,0,0,Endrew,Tarth
Enger,Tully,301,0,0,39,1,0,0,1,0,0,0,Enger,Unknown
Eon Hunter,Arryn,300,3,80,38,1,1,1,0,1,0,0,Eon,Hunter
Erik Ironmaker,Greyjoy,301,0,0,19,1,1,0,0,0,1,0,Erik,Ironmaker
Ermesande Hayford,None,301,0,0,2,0,1,0,1,1,1,0,Ermesande,Hayford
Eroeh,Targaryen,298,1,68,61,1,0,1,0,0,0,0,Eroeh,Unknown
Erreck,None,301,0,0,12,1,0,0,0,1,0,0,Erreck,Unknown
Erryk (Guard),Tyrell,301,0,0,6,1,0,0,0,1,1,0,Erryk,Unknown
Esgred,Greyjoy,301,0,0,24,1,0,0,1,0,0,0,Esgred,Unknown
Ezzara,Targaryen,301,0,0,30,0,0,0,0,0,0,1,Ezzara,Unknown
Falia Flowers,Greyjoy,301,0,0,29,0,0,0,0,0,1,0,Falia,Flowers
Falyse Stokeworth,Lannister,300,5,36,2,0,1,0,1,0,1,0,Falyse,Stokeworth
Farlen,Stark,299,2,56,46,1,0,0,1,0,0,0,Farlen,Unknown
Fat Walda Frey,None,301,0,0,37,0,1,0,0,1,0,1,Fat,Walda
Flement Brax,Lannister,301,0,0,56,1,1,1,0,1,1,0,Flement,Brax
Fletcher Will,None,299,3,34,34,1,0,0,0,1,0,0,Fletcher,Will
Fogo,None,298,1,61,46,1,1,1,0,0,0,0,Fogo,Unknown
Forley Prester,Lannister,301,0,0,33,1,1,0,0,0,1,0,Forley,Prester
Fornio,Night's Watch,301,0,0,33,1,0,0,0,1,0,0,Fornio,Unknown
Frenken,Lannister,301,0,0,15,1,0,0,1,1,0,0,Frenken,Unknown
Frenya,Wildling,300,5,69,37,0,0,0,0,0,0,1,Frenya,Unknown
Frynne,Martell,301,0,0,40,0,0,0,0,0,1,0,Frynne,Unknown
Gage,Stark,301,0,0,4,1,1,0,1,0,0,0,Gage,Unknown
Galazza Galare,None,301,0,0,23,0,1,0,0,0,0,1,Galazza,Galare
Galbart Glover,Stark,301,0,0,55,1,1,1,0,1,0,0,Galbart,Glover
Gared,Night's Watch,297,1,1,0,1,0,1,0,0,0,0,Gared,Unknown
Garin (Orphan),Martell,301,0,0,21,1,0,0,0,0,1,0,Garin,Unknown
Gariss,Stark,301,0,0,50,1,0,0,1,0,0,0,Gariss,Unknown
Garlan Tyrell,Tyrell,301,0,0,62,1,1,0,1,1,1,0,Garlan,Tyrell
Garrett Paege,Lannister,301,0,0,30,1,1,0,0,0,1,0,Garrett,Paege
Garse Goodbrook,None,299,3,0,0,1,1,0,0,1,0,0,Garse,Goodbrook
Garth Greyfeather,Night's Watch,300,5,31,48,1,0,0,0,1,0,1,Garth,Greyfeather
Garth of Greenaway,Night's Watch,300,5,4,33,1,0,0,0,1,0,1,Garth,of
Garth of Oldtown,Night's Watch,299,3,33,33,1,0,0,0,1,0,0,Garth,of
Gawen Westerling,Stark,301,0,0,33,1,1,0,0,0,1,0,Gawen,Westerling
Gelmarr,Greyjoy,299,2,56,50,1,0,0,1,0,0,0,Gelmarr,Unknown
Gendry,None,301,0,0,27,1,0,1,1,1,1,0,Gendry,Unknown
Genna Lannister,Lannister,301,0,0,33,0,1,0,0,0,1,0,Genna,Lannister
Gerald Gower,Baratheon,301,0,0,54,1,1,0,0,1,0,0,Gerald,Gower
Gerold Dayne,Martell,301,0,0,13,1,1,0,0,0,1,0,Gerold,Dayne
Gerren,None,299,2,19,14,1,0,0,1,0,0,0,Gerren,Unknown
Gerris Drinkwater,Martell,301,0,0,6,1,1,0,0,0,0,1,Gerris,Drinkwater
Gevin Harlaw,Greyjoy,299,2,66,37,1,1,0,1,0,0,0,Gevin,Harlaw
Ghael,None,301,0,0,71,1,0,0,0,1,0,1,Ghael,Unknown
Ghost of High Heart,None,301,0,0,22,0,0,0,0,1,0,0,Ghost,of
Gillam,None,301,0,0,31,1,0,0,0,0,1,0,Gillam,Unknown
Gilly,Wildling,301,0,0,23,0,0,0,1,1,1,1,Gilly,Unknown
Gilwood Hunter,Arryn,301,0,0,80,1,1,0,0,1,0,0,Gilwood,Hunter
Gladden Wylde,Stark,298,1,55,43,1,1,1,0,0,0,0,Gladden,Wylde
Glendon Hewett,Night's Watch,301,0,0,69,1,0,0,0,1,0,0,Glendon,Hewett
Goady,Night's Watch,301,0,0,0,1,0,0,0,1,0,0,Goady,Unknown
Godric Borrell,None,301,0,0,9,1,1,0,0,0,0,1,Godric,Borrell
Godry Farring,Baratheon,301,0,0,3,1,1,0,0,0,0,1,Godry,Farring
Godwyn,Lannister,301,0,0,32,1,0,1,0,0,0,0,Godwyn,Unknown
Goghor,None,301,0,0,52,1,0,0,0,0,0,1,Goghor,Unknown
Gormond Goodbrother,Greyjoy,301,0,0,1,1,1,0,0,0,1,0,Gormond,Goodbrother
Gorold Goodbrother,Greyjoy,301,0,0,1,1,1,0,0,0,1,0,Gorold,Goodbrother
Gran Goodbrother,Greyjoy,301,0,0,1,1,1,0,0,0,1,0,Gran,Goodbrother
Grazdan,None,299,3,27,27,1,1,0,0,1,0,0,Grazdan,Unknown
Grazdan mo Eraz,None,301,0,0,42,1,1,0,0,1,0,0,Grazdan,mo
Grazdan mo Ullhor,None,299,3,27,27,1,1,0,0,1,0,0,Grazdan,mo
Grazdan zo Galare,None,301,0,0,2,1,1,0,0,0,0,1,Grazdan,zo
Grazdar zo Galare,None,301,0,0,2,1,1,0,0,0,0,1,Grazdar,zo
Gregor Clegane,Lannister,300,4,72,29,1,1,1,1,1,0,0,Gregor,Clegane
Grenn,Night's Watch,301,0,0,19,1,0,1,1,1,1,1,Grenn,Unknown
Grey Worm,Targaryen,301,0,0,42,1,0,0,0,1,0,1,Grey,Worm
Greydon Goodbrother,Greyjoy,301,0,0,1,1,1,0,0,0,1,0,Greydon,Goodbrother
Grigg,Wildling,301,0,0,30,1,0,0,0,1,0,0,Grigg,Unknown
Grisel,None,301,0,0,68,0,0,0,0,1,0,0,Grisel,Unknown
Groleo,Targaryen,300,5,59,0,1,0,0,0,1,0,1,Groleo,Unknown
Grubbs,Night's Watch,300,5,4,0,1,0,0,0,1,0,1,Grubbs,Unknown
Grunt,None,301,0,0,12,1,0,0,0,0,0,1,Grunt,Unknown
Gueren,Night's Watch,301,0,0,38,1,0,1,0,0,0,0,Gueren,Unknown
Guncer Sunglass,Baratheon,299,3,10,0,1,1,0,1,1,0,0,Guncer,Sunglass
Guyard Morrigen,Baratheon,299,2,62,22,1,1,0,1,0,0,0,Guyard,Morrigen
Gwin Goodbrother,Greyjoy,301,0,0,1,0,1,0,0,0,1,0,Gwin,Goodbrother
Gylbert Farwynd,Greyjoy,301,0,0,19,1,1,0,0,0,1,0,Gylbert,Farwynd
Gyles Farwynd,Greyjoy,301,0,0,19,1,1,0,0,0,1,0,Gyles,Farwynd
Gyles Grafton,Arryn,301,0,0,41,1,1,0,0,0,1,0,Gyles,Grafton
Gyles Rosby,Lannister,300,4,39,57,1,1,1,1,1,1,0,Gyles,Rosby
Gynir,Greyjoy,299,2,56,50,1,0,0,1,0,0,0,Gynir,Unknown
Gysella Goodbrother,Greyjoy,301,0,0,1,0,1,0,0,0,1,0,Gysella,Goodbrother
Haggo,None,298,1,64,11,1,0,1,0,0,0,0,Haggo,Unknown
Hairy Hal,Night's Watch,300,5,31,55,1,0,0,0,1,1,1,Hairy,Hal
Hake,Night's Watch,299,3,46,52,1,0,1,1,1,0,0,Hake,Unknown
Halder,Night's Watch,301,0,0,19,1,0,1,0,1,0,0,Halder,Unknown
Haldon,Targaryen,301,0,0,8,1,0,0,0,0,0,1,Haldon,Unknown
Hali,Wildling,298,1,37,37,0,0,1,0,0,0,0,Hali,Unknown
Hallis Mollen,Stark,301,0,0,14,1,1,1,1,0,0,0,Hallis,Mollen
Hallyne,Lannister,301,0,0,17,1,0,0,1,0,1,0,Hallyne,Unknown
Halys Hornwood,Stark,298,1,62,53,1,1,1,0,0,0,0,Halys,Hornwood
Hamish the Harper,None,300,5,43,32,1,0,0,0,1,1,0,Hamish,the
Hareth (Mole's Town),Night's Watch,301,0,0,64,1,0,0,0,1,0,1,Hareth,Unknown
Harghaz,None,300,5,70,52,1,0,0,0,0,0,1,Harghaz,Unknown
Harma,Wildling,300,3,75,0,0,1,0,0,1,0,0,Harma,Unknown
Harmund Sharp,Greyjoy,301,0,0,19,1,1,0,0,0,1,0,Harmund,Sharp
Harmune,Night's Watch,301,0,0,78,1,0,0,0,0,0,1,Harmune,Unknown
Harra,None,299,2,64,26,0,0,0,1,0,0,0,Harra,Unknown
Harrag Sharp,Greyjoy,299,5,19,66,1,1,0,1,0,1,0,Harrag,Sharp
Harras Harlaw,Greyjoy,301,0,0,11,1,1,0,0,0,1,0,Harras,Harlaw
Harwood Fell,Baratheon,300,5,42,17,1,1,0,0,0,0,1,Harwood,Fell
Hazzea,None,300,5,11,11,0,0,0,0,0,0,1,Hazzea,Unknown
Harrion Karstark,Stark,301,0,0,53,1,1,1,1,0,0,0,Harrion,Karstark
Harry Strickland,None,301,0,0,24,1,0,0,0,0,0,1,Harry,Strickland
Harwin,Stark,301,0,0,1,1,0,1,0,1,1,0,Harwin,Unknown
Harwood Stout,Stark,301,0,0,32,1,1,0,0,0,0,1,Harwood,Stout
Harys Haigh,None,301,0,0,64,1,1,0,1,1,0,0,Harys,Haigh
Harys Swyft,Lannister,301,0,0,69,1,1,1,1,1,1,1,Harys,Swyft
Helman Tallhart,Stark,299,3,37,55,1,1,1,0,1,0,0,Helman,Tallhart
Henly (Maester),None,301,0,0,37,1,0,0,0,0,0,1,Henly,Unknown
Heward,Stark,298,1,35,35,1,0,1,0,0,0,0,Heward,Unknown
High Sparrow,None,301,0,0,4,1,0,0,0,0,1,1,High,Sparrow
Hobb,Night's Watch,301,0,0,52,1,0,1,0,1,0,1,Hobb,Unknown
Hobber Redwyne,Tyrell,301,0,0,27,1,1,1,1,1,1,0,Hobber,Redwyne
Hod,None,301,0,0,5,1,0,0,1,0,0,0,Hod,Unknown
Hodor,Stark,301,0,0,24,1,0,1,1,1,0,1,Hodor,Unknown
Holger,None,301,0,0,49,1,0,0,1,0,0,0,Holger,Unknown
Holly,Wildling,300,5,69,37,0,0,0,0,0,0,1,Holly,Unknown
Hop-Robin,Night's Watch,301,0,0,75,1,0,0,0,1,0,1,Hop-Robin,Unknown
Horas Redwyne,Tyrell,301,0,0,27,1,1,1,1,0,1,0,Horas,Redwyne
Horton Redfort,Arryn,301,0,0,23,1,1,0,0,0,1,0,Horton,Redfort
Hosteen Frey,None,301,0,0,59,1,1,1,1,1,0,1,Hosteen,Frey
Hoster Tully,Tully,299,3,35,71,1,1,1,1,1,0,0,Hoster,Tully
Hot Pie,None,301,0,0,1,1,0,0,1,1,0,0,Hot,Pie
Hother Umber,Stark,301,0,0,16,1,1,0,1,0,0,1,Hother,Umber
Howd Wanderer,Wildling,301,0,0,58,1,1,0,0,0,0,1,Howd,Wanderer
Hubard Rambton,Baratheon,299,5,10,10,1,1,0,1,0,0,0,Hubard,Rambton
Hugh,Arryn,298,1,29,25,1,0,1,0,0,0,0,Hugh,Unknown
Hugo Vance,Tully,301,0,0,30,1,1,0,0,0,1,0,Hugo,Vance
Hullen,Stark,298,1,50,1,1,0,1,0,0,0,0,Hullen,Unknown
Humfrey Swyft,Lannister,301,0,0,16,1,1,0,0,0,1,0,Humfrey,Swyft
Husband,None,301,0,0,11,1,0,0,0,1,0,0,Husband,Unknown
Hyle Hunt,None,300,4,42,14,1,1,0,0,0,1,0,Hyle,Hunt
Iggo,None,299,3,3,3,1,0,0,0,1,0,0,Iggo,Unknown
Illyrio Mopatis,Targaryen,301,0,0,3,1,1,1,0,0,0,1,Illyrio,Mopatis
Ilyn Payne,Lannister,301,0,0,15,1,1,1,1,1,1,0,Ilyn,Payne
Imry Florent,Baratheon,299,3,4,58,1,1,0,1,1,0,0,Imry,Florent
Iron Emmett,Night's Watch,301,0,0,79,1,0,0,0,1,0,1,Iron,Emmett
Irri,Targaryen,301,0,0,11,0,0,1,1,1,0,1,Irri,Unknown
Ithoke,None,301,0,0,11,1,0,0,0,0,0,1,Ithoke,Unknown
Jacelyn Bywater,Lannister,299,2,19,8,0,1,0,1,0,0,0,Jacelyn,Bywater
Jack Bulwer,Night's Watch,300,5,31,64,1,0,0,0,1,1,1,Jack,Bulwer
Jack-Be-Lucky,None,301,0,0,17,1,0,0,0,1,1,0,Jack-Be-Lucky,Unknown
Jacks,Stark,301,0,0,22,1,0,1,1,0,0,0,Jacks,Unknown
Jaggot,None,301,0,0,42,1,0,1,0,0,0,0,Jaggot,Unknown
Jaime Lannister,Lannister,301,0,0,5,1,1,1,1,1,1,1,Jaime,Lannister
Jalabhar Xho,None,301,0,0,29,1,1,1,1,1,1,0,Jalabhar,Xho
Janna Tyrell,Tyrell,301,0,0,6,0,1,0,0,1,1,0,Janna,Tyrell
Janos Slynt,None,300,5,7,27,1,1,1,1,1,0,1,Janos,Slynt
Jaqen H'ghar,None,301,0,0,5,1,0,0,1,0,1,0,Jaqen,H'ghar
Jared Frey,None,300,5,37,59,1,1,1,1,0,0,1,Jared,Frey
Jaremy Rykker,Night's Watch,298,5,60,21,1,1,1,0,0,0,0,Jaremy,Rykker
Jarl,Wildling,299,3,26,7,1,0,0,0,1,0,0,Jarl,Unknown
Jarman Buckwell,Night's Watch,300,5,21,13,1,0,0,1,0,0,1,Jarman,Buckwell
Jason Mallister,Stark,301,0,0,28,1,1,1,0,1,0,0,Jason,Mallister
Jate,Lannister,301,4,44,44,1,0,0,0,0,1,0,Jate,Unknown
Jate Blackberry,Baratheon,301,3,10,10,1,0,0,0,1,0,0,Jate,Blackberry
Jeor Mormont,Night's Watch,299,3,33,48,1,1,1,1,1,0,0,Jeor,Mormont
Jeren,Night's Watch,301,0,0,19,1,0,1,0,0,0,0,Jeren,Unknown
Jeyne Poole,Stark,301,0,0,7,0,1,1,0,1,0,1,Jeyne,Poole
Jeyne Westerling,Stark,301,0,0,14,0,1,0,0,1,1,0,Jeyne,Westerling
Jhaqo,None,301,0,0,68,1,1,1,0,0,0,1,Jhaqo,Unknown
Jhezane,None,301,0,0,2,0,1,0,0,0,0,1,Jhezane,Unknown
Jhiqui,Targaryen,301,0,0,11,0,0,1,1,1,0,1,Jhiqui,Unknown
Jhogo,Targaryen,301,0,0,23,1,0,1,1,1,0,1,Jhogo,Unknown
Jocelyn Swyft,Lannister,301,0,0,3,0,1,0,0,0,1,1,Jocelyn,Swyft
Jodge,Lannister,301,0,0,30,1,0,0,1,0,0,0,Jodge,Unknown
Jojen Reed,Stark,301,0,0,21,1,1,0,1,1,0,1,Jojen,Reed
Jommy,Baratheon,301,0,0,0,1,0,0,1,0,0,0,Jommy,Unknown
Jon Bettley,Lannister,301,0,0,16,1,1,0,0,0,1,0,Jon,Bettley
Jon Connington,Targaryen,301,0,0,5,1,1,0,0,0,0,1,Jon,Connington
Jon Fossoway,Baratheon,301,0,0,22,1,1,0,1,0,0,0,Jon,Fossoway
Jon Snow,Night's Watch,301,0,0,1,1,1,1,1,1,1,1,Jon,Snow
Jon Umber (Greatjon),Stark,301,0,0,51,1,1,1,1,1,0,0,Jon,Umber
Joffrey Baratheon,Lannister,300,3,60,5,1,1,1,1,1,0,0,Joffrey,Baratheon
Jon Umber (Smalljon),Stark,299,3,51,63,1,1,1,0,1,0,0,Jon,Umber
Jonelle Cerwyn,Stark,301,0,0,53,0,1,1,0,0,0,0,Jonelle,Cerwyn
Jonos Bracken,Tully,301,0,0,28,1,1,1,0,1,0,1,Jonos,Bracken
Jorah Mormont,Targaryen,301,0,0,23,1,1,1,1,1,0,1,Jorah,Mormont
Jory Cassel,Stark,298,1,35,1,1,1,1,0,0,0,0,Jory,Cassel
Joseran,Greyjoy,301,0,0,11,1,0,0,0,0,1,0,Joseran,Unknown
Joseth,Stark,301,0,0,37,1,0,1,1,0,0,0,Joseth,Unknown
Josmyn Peckledon,Lannister,301,0,0,65,1,0,0,1,1,1,1,Josmyn,Peckledon
Joss,None,301,0,0,43,1,0,1,0,0,0,0,Joss,Unknown
Joss Stilwood,Lannister,301,0,0,0,1,0,1,0,0,0,0,Joss,Stilwood
Josua Willum,Baratheon,301,0,0,22,1,1,0,1,0,0,0,Josua,Willum
Jothos Slynt,Lannister,301,0,0,66,1,1,0,0,1,0,0,Jothos,Slynt
Joyeuse Erenford,None,301,0,0,28,0,1,1,0,1,0,0,Joyeuse,Erenford
Justin Massey,Baratheon,301,0,0,7,1,1,0,0,0,0,1,Justin,Massey
Jyck,Lannister,298,1,31,21,1,0,1,0,0,0,0,Jyck,Unknown
Jynessa Blackmont,Martell,301,0,0,38,0,1,0,0,1,0,0,Jynessa,Blackmont
Karyl Vance,Tully,301,0,0,43,1,1,1,0,1,1,0,Karyl,Vance
Kedge Whiteye,Night's Watch,301,0,0,43,1,0,0,1,1,1,0,Kedge,Whiteye
Kella,None,301,0,0,68,0,0,0,0,1,0,0,Kella,Unknown
Kennos of Kayce,Lannister,301,0,0,6,1,1,0,0,1,1,1,Kennos,of
Ketter,Night's Watch,301,0,0,52,1,0,1,0,0,0,0,Ketter,Unknown
Kenned,Greyjoy,299,2,66,66,1,0,0,1,0,0,0,Kenned,Unknown
Kerwin,Tyrell,300,5,56,29,1,0,0,0,0,1,1,Kerwin,Unknown
Kevan Lannister,Lannister,300,5,0,56,1,1,1,1,1,1,1,Kevan,Lannister
Kezmya,None,301,0,0,2,0,1,0,0,0,0,1,Kezmya,Unknown
Khorane Sathmantes,None,301,0,0,10,1,0,0,0,1,0,0,Khorane,Sathmantes
Khrazz,None,300,5,67,11,1,0,0,0,0,0,1,Khrazz,Unknown
Kindly man,None,301,0,0,6,1,0,0,0,0,1,1,Kindly,man
Kojja Mo,None,301,0,0,35,0,0,0,0,0,1,0,Kojja,Mo
Koss,Night's Watch,299,2,14,5,1,0,0,1,0,0,0,Koss,Unknown
Kraznys mo Nakloz,None,299,3,27,23,1,1,0,0,1,0,0,Kraznys,mo
Kromm,Greyjoy,299,2,66,56,1,0,0,1,0,0,0,Kromm,Unknown
Kurleket,None,298,1,31,31,1,0,1,0,0,0,0,Kurleket,Unknown
Kurz,Night's Watch,299,2,19,5,1,0,0,1,0,0,0,Kurz,Unknown
Kyle (Banners),None,299,3,39,39,1,0,0,0,1,0,0,Kyle,Unknown
Kyra,Stark,300,5,12,37,0,0,1,1,0,0,1,Kyra,Unknown
Lady of the Leaves,None,301,0,0,22,0,0,0,0,1,0,0,Lady,of
Lambert Turnberry,Lannister,301,0,0,7,1,1,0,0,0,1,0,Lambert,Turnberry
Lamprey,Baratheon,301,0,0,25,1,0,0,0,1,0,0,Lamprey,Unknown
Lancel Lannister,Lannister,301,0,0,47,1,1,1,1,1,1,1,Lancel,Lannister
Lanna (Happy Port),None,301,0,0,34,0,0,0,0,0,1,0,Lanna,Unknown
Lark,Night's Watch,299,3,46,23,1,0,0,1,1,0,0,Lark,Unknown
Larra Blackmont,Martell,301,0,0,38,0,1,0,0,1,0,0,Larra,Blackmont
Larraq,Targaryen,301,0,0,59,1,0,0,0,0,0,1,Larraq,Unknown
Leathers,Night's Watch,301,0,0,35,1,0,0,0,0,0,1,Leathers,Unknown
Left Hand Lew,Night's Watch,301,0,0,48,1,0,0,0,1,0,1,Left,Hand
Lem,None,301,0,0,13,1,0,0,0,1,1,0,Lem,Unknown
Lennocks,None,301,0,34,34,1,0,0,0,1,0,0,Lennocks,Unknown
Lenwood Tawney,Greyjoy,301,0,0,18,1,0,0,0,0,1,0,Lenwood,Tawney
Leo Lefford,Lannister,299,2,45,62,1,1,1,1,0,0,0,Leo,Lefford
Leo Tyrell,Tyrell,301,0,0,0,1,1,0,0,0,1,0,Leo,Tyrell
Leobald Tallhart,Stark,299,2,66,16,1,1,0,1,0,0,0,Leobald,Tallhart
Leona Woolfield,Stark,301,0,0,19,0,1,0,0,0,0,1,Leona,Woolfield
Leonette Fossoway,Tyrell,301,0,0,6,0,1,0,0,1,0,0,Leonette,Fossoway
Lew,Stark,301,0,0,7,1,0,1,0,0,0,0,Lew,Unknown
Lewis Lanster,None,301,0,0,25,1,0,0,0,0,0,1,Lewis,Lanster
Lewys Lydden,Lannister,301,0,0,62,1,1,1,1,0,0,0,Lewys,Lydden
Lewys Piper,Lannister,301,0,0,27,1,1,0,0,0,1,0,Lewys,Piper
Lharys,Stark,298,1,34,31,1,1,1,0,0,0,0,Lharys,Unknown
Little Walder Frey,None,300,5,51,59,1,1,1,1,0,0,1,Little,Walder
Lollys Stokeworth,Lannister,301,0,0,2,0,1,0,1,1,0,0,Lollys,Stokeworth
Lommy,Night's Watch,299,2,19,1,1,0,0,1,0,0,0,Lommy,Unknown
Loras Tyrell,Tyrell,301,0,0,18,1,1,1,1,1,1,0,Loras,Tyrell
Lorcas,None,301,0,0,45,1,0,0,0,0,1,0,Lorcas,Unknown
Lord of Bones,Wildling,300,5,10,68,1,1,0,1,1,0,1,Lord,of
Lorent Caswell,Baratheon,301,0,0,22,1,1,0,1,0,0,0,Lorent,Caswell
Lorren,Greyjoy,299,2,66,37,1,0,0,1,0,0,0,Lorren,Unknown
Lothar Frey,None,301,0,0,35,1,1,0,0,1,0,0,Lothar,Frey
Lothor Brune,None,301,0,0,29,1,1,1,1,1,1,0,Lothor,Brune
Lucan,None,299,2,64,38,1,0,0,1,0,0,0,Lucan,Unknown
Lucas Blackwood,Tully,299,3,51,22,1,1,0,1,1,0,0,Lucas,Blackwood
Lucas Codd,Greyjoy,301,0,0,11,1,1,0,0,0,1,0,Lucas,Codd
Lucias Vypren,None,301,0,0,49,1,1,0,0,1,0,0,Lucias,Vypren
Luco Prestayn,None,301,0,0,22,1,0,0,0,0,1,0,Luco,Prestayn
Luke of Longtown,Night's Watch,301,0,0,35,1,0,0,0,0,0,1,Luke,of
Luton,None,300,5,51,37,1,0,0,0,0,0,1,Luton,Unknown
Luwin,Stark,299,2,69,14,1,0,1,1,0,0,0,Luwin,Unknown
Lyle Crakehall,Lannister,301,0,0,12,1,1,0,0,0,1,0,Lyle,Crakehall
Lyman Darry,Tully,299,3,7,71,1,1,1,1,0,0,0,Lyman,Darry
Lymond Goodbrook,Tully,301,0,0,45,1,1,0,0,1,0,0,Lymond,Goodbrook
Lymond Lychester,Tully,301,0,0,22,1,1,0,0,1,0,0,Lymond,Lychester
Lyn Corbray,Arryn,301,0,0,38,1,1,1,0,0,1,0,Lyn,Corbray
Lyonel,None,301,0,0,38,1,0,0,1,0,0,0,Lyonel,Unknown
Lysa Tully,Arryn,300,3,0,34,0,1,1,0,1,0,0,Lysa,Tully
Lysono Maar,None,301,0,0,24,1,0,0,0,0,0,1,Lysono,Maar
Mace Tyrell,Tyrell,301,0,0,62,1,1,0,1,1,1,1,Mace,Tyrell
Mad Huntsman,None,301,0,0,29,1,0,0,0,1,0,0,Mad,Huntsman
Maege Mormont,Stark,301,0,0,53,0,1,1,0,1,0,0,Maege,Mormont
Maerie (Goodwife),None,299,3,34,34,0,0,0,0,1,0,0,Maerie,Unknown
Maerie (Whore),None,299,3,34,34,0,0,0,0,1,0,0,Maerie,Unknown
Mag Mar Tun Doh Weg,Wildling,300,3,64,15,1,1,0,0,1,0,0,Mag,Mar
Mago,None,301,0,0,61,1,0,1,0,0,0,0,Mago,Unknown
Mallador Locke,Night's Watch,299,5,18,13,1,0,0,1,1,0,0,Mallador,Locke
Malliard,Lannister,301,0,0,20,1,0,0,1,0,0,0,Malliard,Unknown
Mallor,Lannister,301,0,0,63,1,0,1,0,0,0,0,Mallor,Unknown
Mance Rayder,Wildling,301,0,0,15,1,1,0,0,1,0,1,Mance,Rayder
Mandon Moore,Baratheon,299,2,61,51,1,1,1,1,0,0,0,Mandon,Moore
Maric Seaworth,Baratheon,299,2,58,10,1,1,0,1,0,0,0,Maric,Seaworth
Marei,None,301,0,0,29,0,0,0,1,0,0,0,Marei,Unknown
Margaery Tyrell,Tyrell,301,0,0,22,0,1,0,1,1,1,0,Margaery,Tyrell
Marillion,Arryn,300,4,23,28,1,0,1,0,1,1,0,Marillion,Unknown
Maris,Wildling,301,0,0,58,0,0,0,0,0,0,1,Maris,Unknown
Marissa Frey,None,301,0,0,49,0,1,0,0,1,1,0,Marissa,Frey
Mariya Darry,None,301,0,0,30,0,1,0,0,0,1,0,Mariya,Darry
Mark Mullendore,Tully,301,0,0,22,1,1,0,1,0,0,0,Mark,Mullendore
Marlon Manderly,Stark,301,0,0,19,1,1,0,0,0,0,1,Marlon,Manderly
Maron Volmark,Greyjoy,301,0,0,18,1,1,0,0,0,1,0,Maron,Volmark
Marq Piper,Tully,301,0,0,56,1,1,1,0,1,0,0,Marq,Piper
Martyn Rivers,None,301,0,0,29,1,1,1,1,1,0,0,Martyn,Rivers
Marwyn,None,301,0,0,0,1,0,0,0,0,1,0,Marwyn,Unknown
Marwyn Belmore,Arryn,301,0,0,10,1,1,0,0,0,1,0,Marwyn,Belmore
Masha Heddle,Tully,298,1,56,28,0,0,1,0,0,0,0,Masha,Heddle
Maslyn,Night's Watch,299,3,18,0,1,0,0,0,1,0,0,Maslyn,Unknown
Mathis Rowan,Lannister,301,0,0,22,1,1,0,1,1,1,0,Mathis,Rowan
Mathos Mallarawan,None,301,0,0,40,1,1,0,1,0,0,0,Mathos,Mallarawan
Matrice,Baratheon,301,0,0,0,0,0,0,1,0,0,0,Matrice,Unknown
Matthos Seaworth,Baratheon,299,2,58,10,1,1,0,1,0,0,0,Matthos,Seaworth
Matthar,Night's Watch,301,0,0,41,1,0,1,0,0,0,0,Matthar,Unknown
Mawney,Night's Watch,300,5,4,18,1,0,0,0,1,0,1,Mawney,Unknown
Mebble,None,301,0,0,47,1,0,0,1,0,0,0,Mebble,Unknown
Medger Cerwyn,Stark,299,2,30,53,1,1,1,1,0,0,0,Medger,Cerwyn
Meera Reed,Stark,301,0,0,21,0,1,0,1,1,0,1,Meera,Reed
Megga Tyrell,Tyrell,301,0,0,6,0,1,0,0,1,1,0,Megga,Tyrell
Meha,Wildling,301,0,0,0,0,0,0,0,0,0,1,Meha,Unknown
Mela,Arryn,301,0,0,23,0,0,0,0,0,1,0,Mela,Unknown
Meldred Merlyn,Greyjoy,301,0,0,1,1,1,0,0,0,1,0,Meldred,Merlyn
Meliana,Stark,301,0,0,69,0,0,0,0,1,0,0,Meliana,Unknown
Melisandre,Baratheon,301,0,0,0,0,0,0,1,1,0,1,Melisandre,Unknown
Mellei,Martell,301,0,0,40,0,0,0,0,0,1,0,Mellei,Unknown
Melly,None,301,0,0,34,0,0,0,0,1,0,0,Melly,Unknown
Meredyth Crane,Tyrell,301,0,0,61,0,1,0,0,1,1,0,Meredyth,Crane
Meribald,None,301,0,0,25,1,0,0,0,0,1,0,Meribald,Unknown
Merlon Crakehall,Lannister,301,0,0,38,1,1,0,0,1,0,0,Merlon,Crakehall
Mero,None,299,3,57,42,1,0,0,0,1,0,0,Mero,Unknown
Merrett Frey,None,300,3,0,59,1,1,1,0,1,0,0,Merrett,Frey
Meryn Trant,Lannister,301,0,0,8,1,1,1,1,1,1,1,Meryn,Trant
Mezzara,None,301,0,0,2,0,1,0,0,0,0,1,Mezzara,Unknown
Mikken,Stark,299,2,46,8,1,0,1,1,0,0,0,Mikken,Unknown
Miklaz,None,301,0,0,2,1,1,0,0,0,0,1,Miklaz,Unknown
Mirri Maz Duur,None,299,1,72,61,0,0,1,0,0,0,0,Mirri,Maz
Missandei,Targaryen,301,0,0,23,0,0,0,0,1,0,1,Missandei,Unknown
Mohor,None,298,1,31,31,1,1,1,0,0,0,0,Mohor,Unknown
Mollander,None,301,0,0,0,1,0,0,0,0,1,0,Mollander,Unknown
Monford Velaryon,Baratheon,299,3,25,0,1,1,0,1,0,0,0,Monford,Velaryon
Monster,Wildling,301,0,0,33,1,0,0,0,1,1,1,Monster,Unknown
Moon Boy,Baratheon,301,0,0,29,1,0,1,1,1,1,0,Moon,Boy
Moqorro,Greyjoy,301,0,0,33,1,0,0,0,0,0,1,Moqorro,Unknown
Mord,Arryn,301,0,0,38,1,0,1,0,0,1,0,Mord,Unknown
Mordane,Stark,298,1,67,7,0,0,1,0,0,0,0,Mordane,Unknown
Moreo Tumitis,None,301,0,0,18,1,0,1,0,0,0,0,Moreo,Tumitis
Morgarth,None,301,0,0,41,1,0,0,0,0,1,0,Morgarth,Unknown
Morna White Mask,Wildling,301,0,0,48,0,1,0,0,0,0,1,Morna,White
Moro,None,301,0,0,3,1,1,1,0,0,0,0,Moro,Unknown
Morra,Martell,301,0,0,40,0,0,0,0,0,1,0,Morra,Unknown
Morrec,Lannister,298,1,31,13,1,0,1,0,0,0,0,Morrec,Unknown
Morros Slynt,Lannister,301,0,0,2,1,1,0,1,1,0,0,Morros,Slynt
Mors Manwoody,Martell,301,0,0,38,1,1,0,0,1,0,0,Mors,Manwoody
Mors Umber,Stark,301,0,0,21,1,1,0,1,0,0,0,Mors,Umber
Morton Waynwood,Arryn,301,0,0,40,1,1,1,0,0,0,0,Morton,Waynwood
Mudge (miller),None,299,3,34,34,1,0,0,0,1,0,0,Mudge,Unknown
Mully,Night's Watch,301,0,0,55,1,0,0,0,1,1,1,Mully,Unknown
Munciter,Lannister,301,0,0,20,1,0,0,1,0,0,0,Munciter,Unknown
Murch,Night's Watch,301,0,0,9,1,0,0,1,0,0,0,Murch,Unknown
Murch (Winterfell),Stark,301,0,0,50,1,0,0,1,0,0,0,Murch,Unknown
Mossador,Targaryen,300,5,11,11,1,0,0,0,1,0,1,Mossador,Unknown
Murenmure,Greyjoy,301,0,0,1,1,0,0,0,0,1,0,Murenmure,Unknown
Muttering Bill,Night's Watch,300,5,4,0,1,0,0,0,1,0,1,Muttering,Bill
Mya Stone,Arryn,301,0,0,34,0,0,1,0,0,1,0,Mya,Stone
Mycah,Stark,298,1,16,15,1,0,1,0,0,0,0,Mycah,Unknown
Myles,Martell,301,0,0,2,1,0,0,0,0,1,1,Myles,Unknown
Myles Manwoody,Martell,301,0,0,38,1,1,0,0,1,0,0,Myles,Manwoody
Myranda Royce,Arryn,301,0,0,41,0,1,0,0,0,1,0,Myranda,Royce
Myrcella Baratheon,Lannister,301,0,0,5,0,1,1,1,0,1,0,Myrcella,Baratheon
Myria Jordayne,Martell,301,0,0,38,0,0,0,0,1,0,1,Myria,Jordayne
Myrtle,Wildling,300,5,69,37,0,0,0,0,0,0,1,Myrtle,Unknown
Nage,None,301,0,0,44,1,0,0,0,1,0,0,Nage,Unknown
Myles,Tully,299,2,39,39,1,0,0,1,0,0,0,Myles,Unknown
Nan,Stark,301,0,0,1,0,0,1,1,0,0,0,Nan,Unknown
Narbert,None,301,0,0,31,1,0,0,0,0,1,0,Narbert,Unknown
Nestor Royce,Arryn,301,0,0,34,1,1,1,0,0,1,0,Nestor,Royce
Nolla,None,299,3,34,34,0,0,0,0,1,0,0,Nolla,Unknown
Norjen,Greyjoy,301,0,0,1,1,0,0,0,0,1,0,Norjen,Unknown
Nurse,None,300,5,57,57,1,0,0,0,0,0,1,Nurse,Unknown
Notch,None,301,0,0,43,1,0,0,0,1,0,0,Notch,Unknown
Nute,Greyjoy,301,0,0,18,1,0,0,0,0,1,0,Nute,Unknown
Nymella Toland,Martell,301,0,0,38,0,1,0,0,0,0,1,Nymella,Toland
Nymeria Sand,Martell,301,0,0,2,0,1,0,0,0,1,1,Nymeria,Sand
Obara Sand,Martell,301,0,0,2,0,1,0,0,0,1,1,Obara,Sand
Oberyn Martell,Martell,300,3,70,38,1,1,0,0,1,0,0,Oberyn,Martell
Ogo,None,298,1,61,46,1,1,1,0,0,0,0,Ogo,Unknown
Old Henly,Night's Watch,299,3,55,55,1,0,0,0,1,0,0,Old,Henly
Olenna Redwyne,Tyrell,301,0,0,19,0,1,0,0,1,1,0,Olenna,Redwyne
Ollo Lophand,Night's Watch,300,5,4,0,1,0,0,0,1,0,1,Ollo,Lophand
Olyvar Frey,None,301,0,0,59,1,1,1,0,0,0,0,Olyvar,Frey
Ondrew Locke,Stark,301,0,0,37,1,1,0,0,0,0,1,Ondrew,Locke
Oppo,None,300,4,17,60,1,0,0,0,1,1,0,Oppo,Unknown
Orell,Wildling,299,2,51,51,1,0,0,1,0,0,0,Orell,Unknown
Orphan Oss,Night's Watch,300,5,4,0,1,0,0,0,1,0,1,Orphan,Oss
Orton Merryweather,Lannister,301,0,0,11,1,1,0,0,1,1,0,Orton,Merryweather
Osfryd Kettleblack,Lannister,301,0,0,41,1,1,0,1,1,1,0,Osfryd,Kettleblack
Osha,Stark,301,0,0,37,0,0,1,1,0,0,0,Osha,Unknown
Osmund Kettleblack,Lannister,301,0,0,41,1,1,0,1,1,1,0,Osmund,Kettleblack
Osney Kettleblack,Lannister,301,0,0,41,1,1,0,1,1,1,0,Osney,Kettleblack
Ossy,Arryn,301,0,0,41,1,0,0,0,0,1,0,Ossy,Unknown
Oswell Kettleblack,None,301,0,0,68,1,1,0,0,1,0,0,Oswell,Kettleblack
Othell Yarwyck,Night's Watch,301,0,0,48,1,0,1,0,1,0,1,Othell,Yarwyck
Ottyn Wythers,Night's Watch,299,3,48,13,1,0,0,1,1,0,0,Ottyn,Wythers
Owen,Night's Watch,301,0,0,55,1,0,0,0,1,0,1,Owen,Unknown
Owen Norrey,Tully,299,3,51,51,1,1,0,0,1,0,0,Owen,Norrey
Oznak zo Pahl,None,299,3,57,57,1,1,0,0,1,0,0,Oznak,zo
Palla,Stark,301,0,0,46,0,0,0,1,0,0,0,Palla,Unknown
Parmen Crane,Baratheon,301,0,0,22,1,1,0,1,0,0,0,Parmen,Crane
Patchface,Baratheon,301,0,0,0,1,0,0,1,1,0,1,Patchface,Unknown
Pate (novice),None,300,4,0,0,1,0,0,0,0,1,0,Pate,Unknown
Pate (Lancewood),None,299,3,34,34,1,0,0,0,1,0,0,Pate,Unknown
Pate (Night's Watch),Night's Watch,301,0,0,60,1,0,1,0,0,0,0,Pate,Unknown
Pate (Old),None,301,0,34,13,1,0,0,0,1,0,0,Pate,Unknown
Patrek of King's Mountain,Baratheon,300,5,69,44,1,1,0,0,0,0,1,Patrek,of
Patrek Mallister,Tully,301,0,0,28,1,1,1,0,1,0,0,Patrek,Mallister
Paxter Redwyne,Tyrell,301,0,0,65,1,1,0,1,1,1,0,Paxter,Redwyne
Pello,None,301,0,0,17,1,0,0,0,1,0,0,Pello,Unknown
Penny,None,301,0,0,60,0,0,0,0,1,0,1,Penny,Unknown
Perros Blackmont,Martell,301,0,0,38,1,1,0,0,1,0,0,Perros,Blackmont
Perwyn Frey,None,301,0,0,29,1,1,1,1,0,0,0,Perwyn,Frey
Petyr Baelish,None,301,0,0,18,1,0,1,1,1,1,0,Petyr,Baelish
Petyr Frey,None,300,3,0,49,1,1,0,0,1,0,0,Petyr,Frey
Philip Foote,Lannister,301,0,0,65,1,1,0,1,1,0,0,Philip,Foote
Pia,None,301,0,0,30,0,0,0,1,0,1,0,Pia,Unknown
Podrick Payne,Lannister,301,0,0,62,1,1,1,1,1,1,0,Podrick,Payne
Polliver,None,300,3,27,26,1,0,0,1,1,0,0,Polliver,Unknown
Pono,None,301,0,0,68,1,1,1,0,0,0,0,Pono,Unknown
Porridge,Baratheon,301,0,0,25,1,0,0,0,1,0,0,Porridge,Unknown
Porther,Stark,299,2,21,22,1,0,1,1,0,0,0,Porther,Unknown
Poul Pemford,Tully,299,2,39,39,1,0,0,1,0,0,0,Poul,Pemford
Poxy Tym,Stark,299,2,69,16,1,0,0,1,0,0,0,Poxy,Tym
Praed,None,299,2,9,5,1,0,0,1,0,0,0,Praed,Unknown
Prendahl na Ghezn,None,299,3,42,42,1,0,0,0,1,0,0,Prendahl,na
Preston Greenfield,Baratheon,299,2,41,43,1,0,1,1,0,0,0,Preston,Greenfield
Pyat Pree,None,301,0,0,12,1,1,0,1,0,0,0,Pyat,Pree
Pycelle,Lannister,300,5,0,20,1,0,1,1,1,1,1,Pycelle,Unknown
Pyg,None,300,4,20,20,1,0,0,0,1,1,0,Pyg,Unknown
Pylos,Baratheon,301,0,0,0,1,0,0,1,1,0,0,Pylos,Unknown
Pypar,Night's Watch,301,0,0,19,1,0,1,0,1,1,1,Pypar,Unknown
Qarl Shepherd,Greyjoy,301,0,0,26,1,0,0,0,0,0,1,Qarl,Shepherd
Qarl the Maid,Greyjoy,301,0,0,42,1,0,0,1,0,1,1,Qarl,the
Qezza,None,301,0,0,2,0,0,0,0,0,0,1,Qezza,Unknown
Qhorin Halfhand,Night's Watch,299,2,68,43,1,0,0,1,0,0,0,Qhorin,Halfhand
Qotho,None,298,1,61,11,1,0,1,0,0,0,0,Qotho,Unknown
Quaithe,None,301,0,0,12,0,1,0,1,1,0,1,Quaithe,Unknown
Quaro,Targaryen,298,1,64,50,1,0,1,0,0,0,0,Quaro,Unknown
Quellon Humble,Greyjoy,301,0,0,18,1,1,0,0,0,1,0,Quellon,Humble
Quent,Stark,301,0,0,37,1,0,1,0,0,0,0,Quent,Unknown
Quenten Banefort,Lannister,301,0,0,16,1,1,0,0,0,1,0,Quenten,Banefort
Quentyn Martell,Martell,300,5,70,6,1,1,0,0,0,0,1,Quentyn,Martell
Quhuru Mo,None,301,0,0,27,1,0,0,1,0,1,0,Quhuru,Mo
Qyburn,Lannister,301,0,0,64,1,0,0,1,1,1,1,Qyburn,Unknown
Quort,Wildling,299,3,55,41,1,0,0,0,1,0,0,Quort,Unknown
Qyle,Night's Watch,299,2,2,2,1,0,0,1,0,0,0,Qyle,Unknown
Rafford,None,301,0,0,19,1,0,0,1,0,1,0,Rafford,Unknown
Ragnor Pyke,Greyjoy,301,0,0,29,1,0,0,0,0,1,0,Ragnor,Pyke
Ragwyle,Wildling,301,0,0,68,0,0,0,1,0,0,0,Ragwyle,Unknown
Rakharo,Targaryen,301,0,0,54,1,0,1,1,1,0,1,Rakharo,Unknown
Ralf Kenning,Greyjoy,300,5,20,18,1,0,0,0,0,1,1,Ralf,Kenning
Ralf Stonehouse,Greyjoy,301,0,0,18,1,1,0,0,0,0,1,Ralf,Stonehouse
Ralf the Limper,Greyjoy,301,0,0,18,1,0,0,0,0,1,1,Ralf,the
Ramsay Snow,None,301,0,0,16,1,1,0,1,0,0,1,Ramsay,Snow
Randa,None,299,3,34,34,0,0,0,0,1,0,0,Randa,Unknown
Randyll Tarly,Tyrell,301,0,0,22,1,1,0,1,0,1,1,Randyll,Tarly
Rast,Night's Watch,299,3,26,55,1,0,1,0,1,0,0,Rast,Unknown
Ravella Swann,Tully,301,0,0,22,0,1,0,0,1,0,0,Ravella,Swann
Raymar Royce,Arryn,301,0,0,45,1,1,0,0,1,0,0,Raymar,Royce
Raymun Darry,Targaryen,298,1,55,16,1,1,1,0,0,0,0,Raymun,Darry
Raymund Frey,None,301,0,0,49,1,1,0,0,1,0,0,Raymund,Frey
Raynald Westerling,Stark,299,3,44,14,1,1,0,0,1,1,0,Raynald,Westerling
Red Alyn,Night's Watch,300,3,69,55,1,0,0,0,1,0,0,Red,Alyn
Red Rolfe,Greyjoy,299,2,66,66,1,0,0,1,0,0,0,Red,Rolfe
Reek,None,299,2,35,16,1,0,0,1,0,0,0,Reek,Unknown
Renly Baratheon,Baratheon,299,2,33,15,1,1,1,1,0,0,0,Renly,Baratheon
Reysen,Night's Watch,301,0,0,5,1,0,0,1,0,0,0,Reysen,Unknown
Reznak mo Reznak,None,301,0,0,2,1,1,0,0,0,0,1,Reznak,mo
Rhaegar Frey,None,300,5,29,19,1,1,0,0,0,0,1,Rhaegar,Frey
Rhogoro,None,301,0,0,3,1,1,1,0,0,0,0,Rhogoro,Unknown
Ricasso,Martell,301,0,0,2,1,0,0,0,0,1,1,Ricasso,Unknown
Richard Horpe,Baratheon,301,0,0,17,1,1,0,0,0,0,1,Richard,Horpe
Rickard Karstark,Stark,299,3,20,53,1,1,1,1,1,0,0,Rickard,Karstark
Rickard Ryswell,Stark,301,0,0,20,1,1,0,0,0,0,1,Rickard,Ryswell
Rickon Stark,Stark,301,0,0,7,1,1,1,1,0,0,0,Rickon,Stark
Rigney,None,301,0,0,11,1,0,0,0,0,1,0,Rigney,Unknown
Robar Royce,Baratheon,299,2,6,29,1,1,1,1,1,0,0,Robar,Royce
Robb Stark,Stark,299,3,51,1,1,1,1,1,1,0,0,Robb,Stark
Robert Baratheon,Baratheon,298,1,47,4,1,1,1,0,0,0,0,Robert,Baratheon
Robert Arryn,Arryn,301,0,0,40,1,1,1,0,1,1,0,Robert,Arryn
Robett Glover,Stark,301,0,0,53,1,1,1,1,0,0,1,Robett,Glover
Robin Flint,Stark,299,3,51,63,1,1,1,1,1,0,0,Robin,Flint
Robin Moreland,Lannister,301,0,0,16,1,1,0,0,0,1,0,Robin,Moreland
Robin Ryger,Tully,301,0,0,7,1,1,0,1,1,1,0,Robin,Ryger
Rodrik Cassel,Stark,299,2,66,7,1,1,1,1,0,0,0,Rodrik,Cassel
Rodrik Harlaw,Greyjoy,301,0,0,11,1,1,0,0,0,1,0,Rodrik,Harlaw
Rodrik Ryswell,None,301,0,0,32,1,1,0,0,0,0,1,Rodrik,Ryswell
Roger Hogg,Lannister,301,0,0,27,1,1,0,0,0,1,0,Roger,Hogg
Roger Ryswell,Stark,301,0,0,20,1,1,0,0,0,0,1,Roger,Ryswell
Roland Crakehall (Lord),Lannister,301,0,0,32,1,1,0,1,0,0,0,Roland,Crakehall
Rolder,Lannister,301,0,0,21,1,0,0,0,0,1,0,Rolder,Unknown
Rolfe,Greyjoy,301,0,0,24,1,0,0,1,0,0,0,Rolfe,Unknown
Rollam Westerling,Stark,301,0,0,14,1,1,0,0,1,0,0,Rollam,Westerling
Rolfe the Dwarf,Greyjoy,300,5,26,26,1,0,0,0,0,0,1,Rolfe,the
Rolley,Night's Watch,299,3,33,0,1,0,0,0,1,0,0,Rolley,Unknown
Rolly Duckfield,Targaryen,301,0,0,8,1,0,0,0,0,0,1,Rolly,Duckfield
Rolph Spicer,Lannister,301,0,0,14,1,1,0,0,1,0,0,Rolph,Spicer
Romny Weaver,Greyjoy,301,0,0,18,1,1,0,0,0,1,0,Romny,Weaver
Ronald Storm,None,301,0,0,61,1,0,0,0,0,0,1,Ronald,Storm
Ronnel Harclay,Night's Watch,301,0,0,48,1,1,0,0,1,0,0,Ronnel,Harclay
Ronnet Connington,Baratheon,301,0,0,22,1,1,0,1,0,1,1,Ronnet,Connington
Roose Bolton,Stark,301,0,0,33,1,1,1,1,1,0,1,Roose,Bolton
Roose Ryswell,None,301,0,0,32,1,1,0,0,0,0,1,Roose,Ryswell
Rorge,None,300,4,37,1,1,0,0,1,1,1,0,Rorge,Unknown
Roslin Frey,None,301,0,0,35,0,1,0,0,1,0,0,Roslin,Frey
Rowan,Wildling,300,5,69,37,1,0,0,0,0,0,1,Rowan,Unknown
Rudge,Night's Watch,301,0,0,60,1,0,1,0,0,0,0,Rudge,Unknown
Rusty Flowers,Night's Watch,301,0,0,7,1,0,0,0,0,0,1,Rusty,Flowers
Ryger Rivers,None,301,0,0,59,1,0,1,0,0,0,0,Ryger,Rivers
Ryk,Wildling,301,0,0,7,1,0,0,0,1,0,0,Ryk,Unknown
Rupert Brax,Lannister,299,2,32,32,1,0,0,1,0,0,0,Rupert,Brax
Ryman Frey,None,300,4,44,14,1,1,0,0,1,1,0,Ryman,Frey
Rymolf Stormdrunk,Greyjoy,301,0,0,24,1,0,0,1,0,0,0,Rymolf,Stormdrunk
Ryon Allyrion,Martell,301,0,0,38,1,1,0,0,1,0,1,Ryon,Allyrion
Salladhor Saan,Baratheon,301,0,0,0,1,1,0,1,1,0,0,Salladhor,Saan
Sallor,None,299,3,42,42,1,0,0,0,1,0,0,Sallor,Unknown
Samwell Tarly,Night's Watch,301,0,0,70,1,1,1,1,1,1,1,Samwell,Tarly
Sandor Clegane,None,300,4,31,7,1,1,1,1,1,1,0,Sandor,Clegane
Sawane Botley,Greyjoy,299,4,18,1,1,1,0,0,0,1,0,Sawane,Botley
Sansa Stark,Stark,301,0,0,7,0,1,1,1,1,1,0,Sansa,Stark
Sarella Sand,Martell,301,0,0,2,0,0,0,0,0,1,0,Sarella,Sand
Sarra Frey,None,301,0,0,49,0,1,0,0,1,0,0,Sarra,Frey
Satin,Night's Watch,301,0,0,6,1,0,0,1,1,0,1,Satin,Unknown
Sawwood,Night's Watch,301,0,0,0,1,0,0,0,1,0,0,Sawwood,Unknown
Sedgekins,None,301,0,0,50,1,0,0,0,1,0,0,Sedgekins,Unknown
Selyse Florent,Baratheon,301,0,0,0,0,1,0,1,1,0,1,Selyse,Florent
Senelle,Lannister,300,4,24,3,0,0,0,0,0,1,0,Senelle,Unknown
Serra Frey,None,301,0,0,49,0,1,0,0,1,0,0,Serra,Frey
Shadrich,None,301,0,0,4,1,0,0,0,0,1,0,Shadrich,Unknown
Shae,Lannister,300,3,77,62,0,0,1,1,1,0,0,Shae,Unknown
Shagga,Lannister,301,0,0,39,1,0,1,1,0,0,0,Shagga,Unknown
Shagwell,None,300,4,20,30,1,0,0,1,1,1,0,Shagwell,Unknown
Sharna,None,301,0,0,11,0,0,0,0,1,0,0,Sharna,Unknown
Shireen Baratheon,Baratheon,301,0,0,0,0,1,0,1,1,0,1,Shireen,Baratheon
Shirei Frey,None,301,0,0,49,0,1,0,0,1,0,0,Shirei,Frey
Shyra Errol,Baratheon,300,4,0,42,0,1,0,1,0,0,0,Shyra,Errol
Sigfry Stonetree,Greyjoy,301,0,0,19,1,1,0,0,0,1,0,Sigfry,Stonetree
Skahaz mo Kandaq,None,301,0,0,2,1,1,0,0,0,0,1,Skahaz,mo
Skinner,None,301,0,0,12,1,0,0,0,0,0,1,Skinner,Unknown
Small Paul,Night's Watch,299,3,18,0,1,0,0,0,1,0,0,Small,Paul
Softfoot,Night's Watch,299,3,18,0,1,0,0,0,1,0,0,Softfoot,Unknown
Sour Alyn,None,301,0,0,12,1,0,0,0,0,0,1,Sour,Alyn
Spare Boot,Night's Watch,301,0,0,55,1,0,0,0,1,0,0,Spare,Boot
Spotted Cat,None,301,0,0,11,1,0,0,0,0,0,1,Spotted,Cat
Spotted Pate of Maidenpool,Night's Watch,299,3,55,0,1,0,0,0,1,0,0,Spotted,Pate
Squint,Greyjoy,299,2,50,50,1,0,0,1,0,0,0,Squint,Unknown
Squirrel,Wildling,300,5,69,37,0,0,0,0,0,0,1,Squirrel,Unknown
Stalwart Shield,Targaryen,300,5,2,2,1,0,0,0,0,0,1,Stalwart,Shield
Steelskin,None,301,0,0,11,1,0,0,0,0,0,1,Steelskin,Unknown
Steffon Swyft,Lannister,301,0,0,27,1,1,0,0,0,1,0,Steffon,Swyft
Stevron Frey,Stark,299,2,35,59,1,1,1,1,0,0,0,Stevron,Frey
Stiv,Wildling,298,1,37,37,1,0,1,0,0,0,0,Stiv,Unknown
Stone Thumbs,Wildling,299,3,55,41,1,0,0,0,1,0,0,Stone,Thumbs
Stonesnake,Night's Watch,301,0,0,43,1,0,0,1,0,0,0,Stonesnake,Unknown
Stygg,Greyjoy,301,0,0,37,1,0,0,1,0,0,0,Stygg,Unknown
Styr,Wildling,300,3,26,7,1,1,0,0,1,0,0,Styr,Unknown
Sybassion,None,301,0,0,63,1,0,0,1,0,0,0,Sybassion,Unknown
Sybell Spicer,Lannister,301,0,0,14,0,1,0,0,1,1,0,Sybell,Spicer
Sybelle Glover,Stark,301,0,0,26,0,1,0,0,0,0,1,Sybelle,Glover
Sylva Santagar,Martell,301,0,0,21,0,1,0,0,0,1,0,Sylva,Santagar
Symon Silver Tongue,Lannister,299,3,32,44,1,0,0,1,1,0,0,Symon,Silver
Symon Stripeback,Targaryen,301,0,0,70,1,0,0,0,0,0,1,Symon,Stripeback
Symond Frey,None,300,5,29,19,1,1,0,0,0,0,1,Symond,Frey
Symond Templeton,Arryn,301,0,0,10,1,1,0,0,0,1,0,Symond,Templeton
Syrio Forel,Stark,298,1,50,22,1,0,1,0,0,0,0,Syrio,Forel
Taena of Myr,Lannister,301,0,0,6,0,1,0,0,1,1,0,Taena,of
Tal Toraq,Targaryen,301,0,0,70,1,0,0,0,0,0,1,Tal,Toraq
Tallad,Lannister,301,0,0,17,1,0,0,1,1,1,0,Tallad,Unknown
Tanda Stokeworth,Lannister,300,4,32,2,0,1,0,1,1,0,0,Tanda,Stokeworth
Tanton Fossoway,Baratheon,301,0,0,22,1,1,0,1,0,0,0,Tanton,Fossoway
Ternesio Terys,None,301,0,0,74,1,0,0,0,1,0,0,Ternesio,Terys
Terrance Lynderly,Arryn,301,0,0,41,1,1,0,0,0,1,0,Terrance,Lynderly
The Red Lamb,Targaryen,301,0,0,67,1,0,0,0,0,0,1,The,Red
Theo Frey,None,301,0,0,29,1,1,1,0,0,0,0,Theo,Frey
Theodan Wells,Stark,301,0,0,43,1,1,0,0,0,1,1,Theodan,Wells
Theomore Lannister,None,301,0,0,19,1,1,0,0,0,0,1,Theomore,Lannister
Theon Greyjoy,Greyjoy,301,0,0,1,1,1,1,1,0,0,1,Theon,Greyjoy
Thistle,Wildling,300,5,0,0,0,0,0,0,0,0,1,Thistle,Unknown
Thoren Smallwood,Night's Watch,299,3,18,6,1,1,0,1,1,0,0,Thoren,Smallwood
Thoros,None,301,0,0,29,1,0,1,0,1,1,0,Thoros,Unknown
Three Toes,None,301,0,0,44,1,0,0,0,1,0,0,Three,Toes
Three-Tooth,Greyjoy,301,0,0,11,0,0,0,0,0,1,0,Three-Tooth,Unknown
Tickler,Lannister,300,3,74,26,1,0,0,1,1,0,0,Tickler,Unknown
Tim Tangletongue,Night's Watch,301,0,0,69,1,0,0,0,1,0,0,Tim,Tangletongue
Timeon,None,300,4,20,21,1,0,0,0,1,1,0,Timeon,Unknown
Timett,Lannister,301,0,0,56,1,0,1,1,0,0,0,Timett,Unknown
Timon,Baratheon,301,0,0,65,1,0,0,1,0,0,0,Timon,Unknown
Tion Frey,Lannister,299,3,20,20,0,1,0,0,1,0,0,Tion,Frey
Tobho Mott,None,301,0,0,27,1,0,1,0,1,0,0,Tobho,Mott
Todder,Night's Watch,301,0,0,19,1,0,1,0,1,0,1,Todder,Unknown
Todric,Greyjoy,299,2,37,37,1,0,0,1,0,0,0,Todric,Unknown
Tom of Sevenstreams,None,301,0,0,13,1,0,0,0,1,1,0,Tom,of
Tomard,Stark,298,1,49,22,1,0,1,0,0,0,0,Tomard,Unknown
Tormund,Wildling,301,0,0,7,1,1,0,0,1,0,1,Tormund,Unknown
Torrek,None,301,0,0,42,1,0,1,0,0,0,0,Torrek,Unknown
Torrhen Karstark,Stark,298,1,63,53,1,1,1,0,0,0,0,Torrhen,Karstark
Tothmure,Lannister,299,2,64,30,1,0,0,1,0,0,0,Tothmure,Unknown
Tregar,Lannister,298,1,39,35,1,0,1,0,0,0,0,Tregar,Unknown
Tremond Gargalen,Martell,301,0,0,38,1,1,0,0,1,0,1,Tremond,Gargalen
Tristifer Botley,Greyjoy,301,0,0,11,1,1,0,0,0,1,1,Tristifer,Botley
Triston Sunderland,Lannister,301,0,0,9,1,1,0,0,0,0,1,Triston,Sunderland
Tuffleberry,None,301,0,0,38,1,0,0,1,0,0,0,Tuffleberry,Unknown
Tumberjon,Night's Watch,301,0,0,0,1,0,0,0,1,0,0,Tumberjon,Unknown
Tumco Lho,Targaryen,301,0,0,67,1,0,0,0,0,0,1,Tumco,Lho
Tybero Istarion,None,301,0,0,66,1,0,0,0,0,0,1,Tybero,Istarion
Tycho Nestoris,None,301,0,0,44,1,0,0,0,0,0,1,Tycho,Nestoris
Tyene Sand,Martell,301,0,0,38,0,1,0,0,0,1,1,Tyene,Sand
Tymor,Greyjoy,299,2,66,37,1,0,0,1,0,0,0,Tymor,Unknown
Tyrek Lannister,Lannister,299,2,41,30,1,1,1,1,0,0,0,Tyrek,Lannister
Tyrion Lannister,Lannister,301,0,0,4,1,1,1,1,1,0,1,Tyrion,Lannister
Tyta Frey,None,301,0,0,49,0,1,0,0,1,0,0,Tyta,Frey
Tytos Blackwood,Tully,301,0,0,56,1,1,1,0,1,0,1,Tytos,Blackwood
Tytos Brax,Lannister,301,0,0,63,1,1,1,1,0,0,0,Tytos,Brax
Tytos Frey,None,299,3,0,0,1,1,0,0,1,0,0,Tytos,Frey
Tywin Lannister,Lannister,300,3,77,42,1,1,1,1,1,0,0,Tywin,Lannister
Ulf son of Umar,Lannister,298,1,62,56,1,0,1,0,0,0,0,Ulf,son
Ulf the Ill,Greyjoy,299,2,66,66,1,0,0,1,0,0,0,Ulf,the
Ulmer,Night's Watch,301,0,0,33,1,0,0,0,1,0,1,Ulmer,Unknown
Ulwyck Uller,Martell,301,0,0,38,1,1,0,0,1,0,1,Ulwyck,Uller
Umar,None,301,0,0,56,1,0,1,0,0,0,0,Umar,Unknown
Umfred,None,301,0,0,68,1,0,0,0,1,0,0,Umfred,Unknown
Unella,None,301,0,0,43,1,0,0,0,0,1,0,Unella,Unknown
Urreg,Night's Watch,299,2,19,14,1,0,0,1,0,0,0,Urreg,Unknown
Urswyck,None,301,0,0,21,1,0,0,0,1,0,0,Urswyck,Unknown
Utherydes Wayn,Tully,301,0,0,71,1,0,1,1,1,0,0,Utherydes,Wayn
Utt,None,299,3,39,30,1,0,0,1,1,0,0,Utt,Unknown
Val,Wildling,301,0,0,7,0,0,0,0,1,0,1,Val,Unknown
Varamyr,Wildling,300,5,0,15,1,0,0,0,1,0,1,Varamyr,Unknown
Vardis Egen,Arryn,298,1,40,34,1,0,1,0,0,0,0,Vardis,Egen
Vargo Hoat,None,300,3,20,30,1,0,0,1,1,0,0,Vargo,Hoat
Varys,Targaryen,301,0,0,25,1,0,1,1,1,0,1,Varys,Unknown
Vayon Poole,Stark,298,1,21,7,1,0,1,1,0,0,0,Vayon,Poole
Victarion Greyjoy,Greyjoy,301,0,0,24,1,1,0,1,0,1,1,Victarion,Greyjoy
Viserys Targaryen,Targaryen,298,1,46,3,1,1,1,0,0,0,0,Viserys,Targaryen
Vylarr,Lannister,301,0,0,3,1,0,0,1,0,0,0,Vylarr,Unknown
Vyman,Tully,301,0,0,55,1,0,0,1,1,1,0,Vyman,Unknown
Waif,None,301,0,0,6,0,0,0,0,0,1,1,Waif,Unknown
Walda Rivers (daughter of Aemon),None,301,0,0,49,0,1,0,0,1,0,0,Walda,Rivers
Walder Frey,None,301,0,0,28,1,1,1,0,1,0,0,Walder,Frey
Walder Rivers,None,301,0,0,35,1,1,0,0,1,1,0,Walder,Rivers
Wallen,Wildling,298,1,37,37,1,0,1,0,0,0,0,Wallen,Unknown
Walton,None,301,0,0,64,1,0,0,1,1,0,1,Walton,Unknown
Wat (orphan),None,301,0,0,37,1,0,0,0,0,1,0,Wat,Unknown
Wat (sailor),None,301,0,0,34,1,0,0,0,0,1,0,Wat,Unknown
Watt,Night's Watch,299,3,75,69,1,0,0,0,1,0,0,Watt,Unknown
Watty,None,301,0,0,39,1,0,0,0,1,0,0,Watty,Unknown
Waymar Royce,Night's Watch,297,1,0,0,1,1,1,0,0,0,0,Waymar,Royce
Wayn (guard),Stark,301,0,0,37,1,0,1,0,0,0,0,Wayn,Unknown
Weasel,None,301,0,0,9,0,0,0,1,0,0,0,Weasel,Unknown
Weeper,Wildling,301,0,0,7,1,1,0,0,1,0,0,Weeper,Unknown
Weese,Lannister,299,2,38,26,1,0,0,1,0,0,0,Weese,Unknown
Wendel Manderly,Stark,299,3,51,55,1,1,1,1,1,0,0,Wendel,Manderly
Wendello Qar Deeth,None,301,0,0,40,1,1,0,1,0,0,0,Wendello,Qar
Werlag,Greyjoy,299,2,66,37,1,0,0,1,0,0,0,Werlag,Unknown
Wex Pyke,Stark,301,0,0,24,1,0,0,1,0,0,1,Wex,Pyke
Whalen Frey,None,301,0,0,59,1,1,1,0,1,0,0,Whalen,Frey
Wilbert,Stark,298,3,29,29,1,0,0,0,1,0,0,Wilbert,Unknown
Will,Night's Watch,297,1,0,0,1,0,1,0,0,0,0,Will,Unknown
Will (orphan),None,301,0,0,37,1,0,0,0,0,1,0,Will,Unknown
Willam Wells,Martell,300,5,6,6,1,0,0,0,0,0,1,Willam,Wells
Willem Lannister,Lannister,299,3,20,19,1,1,0,0,1,0,0,Willem,Lannister
William Mooton,Tully,301,0,0,14,1,1,0,0,0,1,0,William,Mooton
Willis Wode,Arryn,301,0,0,31,1,1,1,0,0,0,0,Willis,Wode
Willit,Lannister,301,0,0,65,1,0,0,1,0,0,0,Willit,Unknown
Willow Witch-eye,Wildling,300,5,69,37,0,0,0,0,0,0,1,Willow,Witch-eye
Willum,Tully,301,0,0,43,1,0,1,0,0,0,0,Willum,Unknown
Woth,Night's Watch,299,2,14,14,1,0,0,1,0,0,0,Woth,Unknown
Wulfe,Greyjoy,301,0,0,29,1,0,0,0,0,1,1,Wulfe,Unknown
Wun Weg Wun Dar Wun,Wildling,301,0,0,35,1,0,0,0,0,0,1,Wun,Weg
Wyl (guard),Stark,298,1,35,35,1,0,1,0,0,0,0,Wyl,Unknown
Wyl the Whittler,None,299,3,34,34,1,0,0,0,1,0,0,Wyl,the
Wylis Manderly,Stark,301,0,0,55,1,1,1,1,0,1,0,Wylis,Manderly
Wylla Manderly,Stark,301,0,0,19,0,1,0,0,0,0,1,Wylla,Manderly
Wyman Manderly,Stark,301,0,0,16,1,1,0,1,0,0,1,Wyman,Manderly
Wynafryd Manderly,Stark,301,0,0,19,1,1,0,0,0,0,1,Wynafryd,Manderly
Wynton Stout,Night's Watch,301,0,0,41,1,0,0,0,1,0,0,Wynton,Stout
Xaro Xhoan Daxos,None,301,0,0,12,1,1,0,1,0,0,1,Xaro,Xhoan
Xhondo,None,301,0,0,26,1,0,0,0,0,1,0,Xhondo,Unknown
Yandry,Targaryen,301,0,0,8,1,0,0,0,0,0,1,Yandry,Unknown
Yellow Dick,None,300,5,46,12,1,0,0,0,0,0,1,Yellow,Dick
Ygon Farwynd,Greyjoy,301,0,0,19,1,1,0,0,0,1,0,Ygon,Farwynd
Ygritte,Wildling,299,3,55,51,0,0,0,1,1,0,0,Ygritte,Unknown
Yohn Farwynd,Greyjoy,301,0,0,19,1,1,0,0,0,1,0,Yohn,Farwynd
Yohn Royce,Arryn,301,0,0,29,1,1,1,0,0,1,0,Yohn,Royce
Yoren,Night's Watch,299,2,19,13,1,0,1,1,0,0,0,Yoren,Unknown
Young Henly,Night's Watch,299,3,55,55,1,0,0,0,1,0,0,Young,Henly
Ysilla,Targaryen,301,0,0,8,1,0,0,0,0,0,1,Ysilla,Unknown
Zei,Stark,301,0,0,64,0,0,0,0,1,0,0,Zei,Unknown
Zollo,None,301,0,0,21,1,0,0,0,1,0,0,Zollo,Unknown
Yurkhaz zo Yunzak,None,300,5,59,47,1,0,0,0,0,0,1,Yurkhaz,zo
Yezzan Zo Qaggaz,None,300,5,57,25,1,1,0,0,0,0,1,Yezzan,Zo
Torwynd the Tame,Wildling,300,5,73,73,1,0,0,0,1,0,0,Torwynd,the
Talbert Serry,Tyrell,300,4,29,29,1,1,0,0,0,1,0,Talbert,Serry
